{
    "location": "Aberdeen (Rosemount)",
    "address": "19 Rosemount Viaduct,Aberdeen,Grampian",
    "postcode": "AB25 1NE",
    "telephone": "01224 624361"
},
{
    "location": "Aberdeen (Union Street)",
    "address": "125 Union Street,Aberdeen",
    "postcode": "AB11 6BH",
    "telephone":"0122 459 0580
"},{
"location": "Abergavenny",
    "address": "2 High St,Abergavenny,Gwent",
    "postcode": "NP7 5RY",
    "telephone": "01873 850414"
},
{
    "location": "Abingdon",
    "address": "23 Bury St,Abingdon,Oxfordshire",
    "postcode": "OX14 3QT",
    "telephone": "01235 526535"
},
{
    "location": "Airdrie",
    "address": "5 Bank Street,Airdrie,Lanarkshire",
    "postcode": "ML6 6AF",
    "telephone":"01236 770888
"},{
"location": "Alderley Edge",
    "address": "65 London road,Alderley Edge,Cheshire",
    "postcode": "SK9 7DY",
    "telephone":"01625 584507
"},{
"location": "Alnwick (Bondgate)",
    "address": "65 Bondgate Within,Alnwick,Northumberland",
    "postcode":"NE66
 1HZ","telephone":"01665 604253
"},{
"location": "Alnwick (Narrowgate)",
    "address": "2 Narrowgate,Alnwick,Northumberland",
    "postcode": "NE66 1JG",
    "telephone":"01665 604886
"},{
"location": "Alton",
    "address": "27 High St,Alton,Hants",
    "postcode": "GU34 1AW",
    "telephone":"01420 541788
"},{
"location": "Altrincham",
    "address": "4 Moss Lane,Altrincham",
    "postcode": "WA14 1BA",
    "telephone":"0161 9285568
"},{
"location": "Amersham",
    "address": "Oakfield Corner 1 Sycamore Rd,Amersham,Bucks",
    "postcode": "HP6 5EQ",
    "telephone": "01494 431927"
},
{
    "location": "Andover",
    "address": "14 High St,Andover,Hants",
    "postcode": "SP10 1NX",
    "telephone":"01264 332787
"},{
"location": "Arbroath",
    "address": "123 High St,Arbroath,Angus",
    "postcode": "DD11 1DP",
    "telephone":"01241 431 299
"},{
"location": "Armagh",
    "address": "61 Scotch Street,Armagh,Co, Armagh",
    "postcode": "BT61 7DF",
    "telephone":"02837 528 175
"},{
"location": "Arnold",
    "address": "118a Front Street,Arnold,Nottingham",
    "postcode": "NG5 7EG",
    "telephone":"0115 9671057
"},{
"location": "Arundel",
    "address": "8 High Street,Arundel,Sussex",
    "postcode": "BN18 9AB",
    "telephone":"01903 884573
"},{
"location": "Ashbourne",
    "address": "3 Market Place,Ashbourne,Derbyshire",
    "postcode": "DE6 1EU",
    "telephone":"01335 346626
"},{
"location": "Ashby",
    "address": "36a-38a Market Street,Ashby de la Zouch,Leicestershire",
    "postcode": "LE65 1AN",
    "telephone":"01530 413183
"},{
"location": "Ashford (Kent)",
    "postcode": "14 High St,Ashford,Kent",
    "postcode": "TN24 8TD",
    "telephone":"01233 646488
"},{
"location": "Ashford (Middlesex)",
    "address": "8 New Parade,Church Road,Ashford,Middlesex",
    "postcode": "TW15 2UF",
    "telephone":"01784 253805 (Temp No)
"},{
"location": "Ashton-U-Lyne",
    "address": "30 Warrington Street,Ashton-Under-Lyne,Lancashire",
    "postcode": "OL6 7JS",
    "telephone":"0161 330 1113
"},{
"location": "Aylesbury",
    "address": "28 High Street,Aylesbury,Bucks",
    "postcode": "HP20 1SF",
    "telephone":"01296 337200
"},{
"location": "Ayr",
    "address": "124 High Street,Ayr",
    "postcode": "KA7 1PR",
    "telephone":"01292 264205
"},{
"location": "Bakewell",
    "address": "6 Matlock Street,Derbyshire",
    "postcode": "DE45 1EE",
    "telephone":"01629815162
"},{
"location": "Balham",
    "address": "168 Balham High Road,Balham,London",
    "postcode": "SW12 9BW",
    "telephone":"0208 6750515
"},{
"location": "Ballymena",
    "address": "Ballymena, 49 Ballymoney Street,Ballymena,Northern Ireland",
    "postcode": "BT43 6AN",
    "telephone":"02825651118
"},{
"location": "Banbury",
    "address": "9 Parson's Street,Banbury,Oxon",
    "postcode": "OX16 5LW",
    "telephone":"01295 270412
"},{
"location": "Banchory",
    "address": "64 High Street,Banchory",
    "postcode": "AB31 5SS",
    "telephone":"0133 082 5702
"},{
"location": "Bangor",
    "address": "216 High Street,Bangor,Gwynedd",
    "postcode": "LL57 1NY",
    "telephone":"01248 362816
"},{
"location": "Banstead",
    "address": "39 High Street,Banstead,Surrey",
    "postcode": "SM7 2NH",
    "telephone":"01737 354183
"},{
"location": "Barkingside",
    "address":"Unit 5,
    3/19 High Street,Barkingside,Essex","postcode":"IG6 2AA","telephone":"0208 5518124
"},{
"location": "Barnet",
    "address": "75 High Street,Barnet,Herts",
    "postcode": "EN5 5UR",
    "telephone":"020 8440 1658
"},{
"location": "Barnsley",
    "address": "11 Market Street,Barnsley,South Yorkshire",
    "postcode": "S70 1SL",
    "telephone":"01226 204352
"},{
"location": "Barnstaple",
    "address": "Unit P Gammon Walk,Barnstaple,Devon",
    "postcode": "EX31 1DJ",
    "telephone":"01271 322276
"},{
"location": "Barrow-in-Furness (Superstore)",
    "postcode":"Unit 6,Hindpool Park,Hindpool
 Road,Barrow-in-Furness","postcode":"LA14 2PD","telephone":"01229 824409
"},{
"location": "Basildon",
    "address": "40-42 East Walk,Basildon, Essex",
    "postcode": "SS14 1HH",
    "telephone":"01268 285063
"},{
"location": "Bath",
    "address":"28 Westgate
 Street,Bath","postcode":"BA1 1EP","telephone":"01225 446645
"},{
"location": "Beaconsfield",
    "address":"6 Grove Court,Station
 Road,Bucks","postcode":"HP9 1QW","telephone":"01494 676223
"},{
"location": "Beckenham",
    "address":"158 High
 Street,Beckenham,Kent","postcode":"BR3 1EA","telephone":"0208 6505413
"},{
"location": "Bedford",
    "address":"70a High
 Street,Bedford,Bedfordshire","postcode":"MK40 1NN","telephone":"01234 348205
"},{
"location": "Beeston",
    "address":"52 High
 Road,Beeston,Nottinghamshire","postcode":"NG9 2JP","telephone":"0115 925 4196
"},{
"location": "Belfast (Botanic
 Ave)","address":"94a Botanic Avenue,Belfast","postcode":"BT7 1JR","telephone":"0289 0324137
"},{
"location": "Belfast (Lisburn
 Rd)","address":"593 Lisburn Road,Belfast","postcode":"BT9 7GS","telephone":"0289 0382113
"},{
"location": "Belfast
 (Superstore)","address":"Unit 2,Cityside Retail Park,Belfast",
    "postcode": "BT15 1JH",
    "telephone":"028 9074 2417
"},{
"location":"
 Bellshill","address":"199 Main Street,BellsHill,Lanarkshire","postcode":"ML4 1AH","telephone":"01698 740093
"},{
"location":"
 Berkhamsted","address":"250 High Street,Berkhampsted,Herts","postcode":"HP4 1BE","telephone":"01442 862655
"},{
"location":"
 Beverley","address":"54 Toll Gavel,Beverley,North Yorkshire","postcode":"HU17 9BN","telephone":"01482 871940
"},{
"location":"
 Bexhill (Western Rd)","address":"2a Western Road,Bexhill on Sea,East Sussex","postcode":"TN40 1DX","telephone":"01424 732375
"},{
"location": "Bexleyheath",
    "address": "128 Broadway,Bexleyheath,Kent",
    "postcode": "DA6 7DQ",
    "telephone":"020 8301 1659
"},{
"location": "Bideford",
    "address": "3 High Street,Bideford,Devon",
    "postcode": "EX39 2AA",
    "telephone":"01237 475488
"},{
"location": "Biggleswade",
    "address": "24 High Street,Biggleswade,Beds",
    "postcode": "SG18 0JL",
    "telephone":"01767 313467
"},{
"location": "Billericay",
    "address": "123 High St,Billericay,Essex",
    "postcode": "CM12 9AH",
    "telephone":"01277 622356
"},{
"location": "Bilston",
    "address": "80 Church Street,Bilston",
    "postcode": "WV14 0AX",
    "telephone":"01902 498878
"},{
"location":"
 Birchington","address":"74 Station Road,Birchington,Kent","postcode":"CT7 9RA","telephone":"01843 843908
"},{
"location":"
 Birkenhead","address":"21 Borough Pavement,Birkenhead,Merseyside","postcode":"CH41 2XX","telephone":"0151 647 4804
"},{
"location": "Birmingham (Corporation Street)",
    "postcode": "Unit 9 23 Corporation Street,Birmingham",
    "postcode":"B2
 4LP","telephone":"0121 643 5199
"},{
"location": "Birmingham (Erdington 245)",
    "address":"245 High
 Street,Erdington,Birmingham","postcode":"B23 6SS","telephone":"0121 3862551
"},{
"location": "Birmingham
 (Harborne)","address":"67 High Street,Harborne,Birmingham","postcode":"B17 9NS","telephone":"0121 4272379
"},{
"location":"
 Bishop's Stortford (temporarily closed)","postcode":"8 Potter Street,Bishops Stortford,Hertfordshire",
    "postcode":"CM23
 3UL","telephone":"01279 656613
"},{
"location": "Blackburn (Northgate)",
    "address":"33
 Northgate,Blackburn,Lancashire","postcode":"BB2 1JU","telephone":"01254 672048
"},{
"location": "Blackburn
 (Superstore)","address":"Units D/E,Townsmoor Retail Park,Blackburn,Lancashire",
    "postcode": "BB2 3PX",
    "telephone":"01254
 663381
"},{
"location": "Blackheath",
    "address": "6 Montpelier Vale,Blackheath,London",
    "postcode": "SE3 0TA",
    "telephone":"020 8852
 0686
"},{
"location": "Blackpool",
    "address": "27/29 Talbot Road,Blackpool,Lancashire",
    "postcode": "FY1 1LL",
    "telephone":"01253
 625483
"},{
"location": "Blairgowrie",
    "address": "35/37 Allan Street,Blairgowie,Perthshire",
    "postcode": "PH10 6AB",
    "telephone":"01250 873459
"},{
"location": "Bletchley",
    "address": "156 Queensway,Milton Keynes,Bletchley Bucks",
    "postcode":"MK2
 2RS","telephone":"01908 648837
"},{
"location": "Bloomfield",
    "address": "17 Bloomfield Avenue,Belfast",
    "postcode":"BT4
 1RX","telephone":"02890 457 252
"},{
"location": "Bodmin",
    "address": "Unit 1 6 Fore Street,Bodmin,Cornwall",
    "postcode":"PL31
 2HQ","telephone":"01208 72926
"},{
"location": "Bognor",
    "address":"1 &amp; 2 Clock Walk,High Street,Bognor Regis,West
 Sussex","postcode":"PO21 1SG","telephone":"01243 830724
"},{
"location": "Bolton",
    "address":"6 Newport
 Street,Bolton,Lancs","postcode":"BL1 1NB","telephone":"01204 361986
"},{
"location": "Borehamwood",
    "address":"124 Shenley
 Road,Borehamwood,Hertfordshire","postcode":"WD6 1EF","telephone":"0208 2076366
"},{
"location": "Bourne",
    "address":"Unit
 6,Burghley Centre,Hereward Street,Bourne,Lincolnshire","postcode":"PE10 9EG","telephone":"01778 425880
"},{
"location":"
 Bradford","address":"34-36 Ivegate,Bradford,Yorkshire","postcode":"BD1 1SW","telephone":"01274 737780
"},{
"location":"
 Braintree","address":"31 Bank Street,Braintree,Essex","postcode":"CM7 1UG","telephone":"01376 331857
"},{
"location":"
 Bramhall","address":"7 Bramhall Lane South,Bramhall,Stockport,Cheshire","postcode":"SK7 1AL","telephone":"0161 4395720
"},{
"location": "Brentwood",
    "address": "87 High Street,Brentwood,Essex",
    "postcode": "CM14 4RR",
    "telephone":"01277 213373
"},{
"location": "Bridgend",
    "address": "4 Caroline Street,Bridgend,Mid Glamorgan",
    "postcode": "CF31 1DQ",
    "telephone":"01656 649533
"},{
"location": "Bridgnorth",
    "address": "7 Waterloo Terrace,Bridgnorth,Shropshire",
    "postcode": "WV16 4EG",
    "telephone":"01746
 766749
"},{
"location": "Bridgwater (Superstore)",
    "address": "Unit 1A,Bridgwater Retail Park,Bridgwater",
    "postcode":"TA6
 4AB","telephone":"01278 446785
"},{
"location": "Bridport",
    "address": "9 East Street,Bridport,Dorset",
    "postcode":"DT6
 3JU","telephone":"01308 421097
"},{
"location": "Brighton",
    "address": "43/44 Western Road,Brighton,East Sussex",
    "postcode":"BN1
 2EB","telephone":"0127 320 7027
"},{
"location": "Bristol (Fishponds Rd)",
    "address":"727 Fishponds
 Road,Fishponds,Bristol","postcode":"BS16 3UW","telephone":"0117 9584059
"},{
"location": "Bristol (Gloucester Rd)",
    "address":"10
 The Promenade,Gloucester Road,Bristol","postcode":"BS7 8AL","telephone":"0117 9420798
"},{
"location": "Bristol (Queens
 Rd)","address":"71 Queens Road,Clifton,Bristol","postcode":"BS8 1QP","telephone":"0117 922 6793
"},{
"location": "Bristol
 Brislington (Superstore)","postcode":"Unit 2B,Brislington Retail Park,Bristol","postcode":"BS4 5NG","telephone":"0117 971
 9744
"},{
"location": "Broadstairs",
    "address": "18 High Street,Broadstairs,Kent",
    "postcode": "CT10 1LH",
    "telephone":"01843
 860713
"},{
"location": "Broadwater",
    "address": "33 Broadwater Street West,Broadwater,Worthing,West Sussex",
    "postcode":"BN14
 9BT","telephone":"01903 230536
"},{
"location": "Bromley",
    "address": "116 High Street,Bromley",
    "postcode": "BR1 1HG",
    "telephone":"020
 8460 3956
"},{
"location": "Bromsgrove",
    "address": "134/136 High Street,Bromsgrove,Worcestershire",
    "postcode":"B61
 8ES","telephone":"01527 836555
"},{
"location": "Broughty Ferry",
    "address":"198/200 Brook Street,Broughty
 Ferry,Dundee","postcode":"DD5 2AH","telephone":"01382 739807
"},{
"location": "Brownhills",
    "address":"45 High
 Street,Brownhills,Walsall,West Midlands","postcode":"WS8 6HH","telephone":"01543 375969
"},{
"location": "Bulwell",
    "address":"68
 Main Street,Bulwell,Nottingham","postcode":"NG6 8EW","telephone":"0115 9770021
"},{
"location": "Burgess Hill",
    "address":"46
 Church Road,Burgess Hill,West Sussex","postcode":"RH15 9AE","telephone":"01444 246458
"},{
"location": "Burton",
    "address":"25
 Station Street,Burton on Trent,Derbyshire","postcode":"DE14 1AU","telephone":"01283 569339
"},{
"location": "Bury",
    "address":"75
 The Rock,Bury,Lancashire","postcode":"BL9 0NB","telephone":"0161 7629705
"},{
"location": "Bury St Edmunds (Abbeygate
 St)","postcode":"26 Abbeygate Street,Bury St Edmunds,Suffolk",
    "postcode": "IP33 1UN",
    "telephone":"01284 702108
"},{
"location":"
 Bury St Edmunds (Cornhill)","address":"Unit 1 2 Cornhill,Bury St Edmunds,Suffolk",
    "postcode": "IP33 1BE",
    "telephone":"01284
 700636
"},{
"location": "Buxton (33-35 Spring Gardens)",
    "postcode": "33-35 Spring Gardens,Buxton,Derbyshire",
    "postcode":"SK17
 6BJ","telephone":"01298 252170
"},{
"location": "Buxton (9 Spring Gardens)",
    "address":"9 Spring
 Gardens,Buxton,Derbyshire","postcode":"SK17 6BJ","telephone":"01298 270850
"},{
"location": "Callander",
    "address":"82-84 Main
 Street,Callander","postcode":"FK17 8BD","telephone":"01877 331074
"},{
"location": "Camberley",
    "address":"60 High
 Street,Camberley,Surrey","postcode":"GU15 3RS","telephone":"01276 683313
"},{
"location": "Camberwell Green",
    "address":"7
 Butterfly Walk,Camberwell Green,London","postcode":"SE5 8RW","telephone":"020 7701 2500
"},{
"location": "Cambridge
 (Burleigh St)","address":"52 Burleigh Street,Cambridge,Cambridgeshire","postcode":"CB1 1DJ","telephone":"01223 464189
"},{
"location": "Cambridge (Regent St)",
    "address": "42 Regent Street,Cambridge",
    "postcode": "CB2 1DP",
    "telephone":"01223 367045
"},{
"location": "Camden",
    "address": "81 Camden High Street,Camden,London",
    "postcode": "NW1 7JL",
    "telephone":"0207 3835910
"},{
"location": "Canterbury",
    "address": "61 Burgate,Canterbury,Kent",
    "postcode": "CT1 2HJ",
    "telephone":"01227 763881
"},{
"location": "Cardiff (Canton)",
    "address": "152 Cowbridge Road East,Canton,Cardiff",
    "postcode": "CF11 9ND",
    "telephone":"02920
 664709
"},{
"location": "Cardiff (Superstore)",
    "address": "Unit 4,City Link Retail Park,Cardiff",
    "postcode":"CF24
 1PQ","telephone":"029 2045 4476
"},{
"location": "Cardiff (Whitchurch)",
    "address":"16 Merthyr Road,Whitchurch,Cardiff,South
 Glamorgan","postcode":"CF14 1DG","telephone":"02920 616467
"},{
"location": "Carlisle",
    "address":"33/35 Bank
 Street,Carlisle,Cumbria","postcode":"CA3 8HJ","telephone":"01228 512400
"},{
"location": "Carmarthen",
    "address":"Unit 24a
 Merlin’s Walk,Carmarthen","postcode":"SA31 3BN","telephone":"01267 243476
"},{
"location": "Carshalton",
    "address":"72-74 High
 Street,Carshalton,Surrey","postcode":"SM5 3AG","telephone":"0208 7732 803
"},{
"location": "Castleford",
    "address":"54d Carlton
 Street,Castleford,West Yorkshire","postcode":"WF10 1AH","telephone":"01977 553624
"},{
"location": "Caterham",
    "address":"14
 Croydon Road,Caterham,Surrey","postcode":"CR3 6QB","telephone":"01883 347951
"},{
"location": "Catterick Garrison
 (Superstore)","postcode":"Unit 3 Princes Gate Retail Park,Catterick Garrison","postcode":"DL9 3JG","telephone":"01748 876923
"},{
"location": "Cheadle (Cheshire)",
    "address": "88-90 High Street,Cheadle,Cheshire",
    "postcode": "SK8 1AE",
    "telephone":"0161
 4282464
"},{
"location": "Cheadle (Staffs)",
    "address": "11 High Street,Cheadle,Staffordshire",
    "postcode": "ST10 1AA",
    "telephone":"01538 750150
"},{
"location": "Cheam",
    "address": "20 The Broadway,Cheam,Surrey",
    "postcode": "SM3 8AY",
    "telephone":"020 8643
 7410
"},{
"location": "Chelmsford",
    "address": "217 Moulsham Street,Chelmsford,Essex",
    "postcode": "CM2 0LR",
    "telephone":"01245
 492922
"},{
"location": "Chelsea",
    "address": "393 King's Road,Chelsea,London",
    "postcode": "SW10 0LR",
    "telephone":"0207 3524769
"},{
"location": "Chesham",
    "address": "34 High Street,Chesham,Bucks",
    "postcode": "HP5 1EP",
    "telephone":"01494 785835
"},{
"location":"
 Chester (Foregate Street)","address":"39 Foregate Street,Chester","postcode":"CH1 1HD","telephone":"0124 431 3801
"},{
"location": "Chester (Watergate Street)",
    "address": "44 Watergate Street,Chester,Cheshire",
    "postcode": "CH1 2LA",
    "telephone":"01244 340748
"},{
"location": "Chichester",
    "address": "49 South Street,Chichester,West Sussex",
    "postcode": "PO19 1DS",
    "telephone":"01243 779732
"},{
"location": "Chingford",
    "address": "51 Old Church Road,Chingford,London",
    "postcode": "E4 6SJ",
    "telephone":"0208
 5291201
"},{
"location": "Chiswick (278 High Road)",
    "address": "278 Chiswick High Road,Chiswick,London",
    "postcode":"W4
 1PD","telephone":"020 8742 2501
"},{
"location": "Chiswick (392 High Rd)",
    "address":"392 High
 Road,Chiswick,London","postcode":"W4 5TF","telephone":"020 8994 4391
"},{
"location": "Chorley (27 Chapel St)",
    "address":"27
 Chapel Street,Chorley,Lancs","postcode":"PR7 1BN","telephone":"01257 270290
"},{
"location": "Chorley (33 Chapel
 St)","address":"33 Chapel Street,Chorley,Lancashire","postcode":"PR7 1BU","telephone":"01257 269705
"},{
"location":"
 Cirencester","address":"15 Castle Street,Cirencester,Glos","postcode":"GL7 1QD","telephone":"01285 642022
"},{
"location":"
 Clacton","address":"18 West Avenue,Clacton on Sea,Essex","postcode":"CO15 1QT","telephone":"01255 475016
"},{
"location":"
 Clapham","address":"83 St John's Road,Clapham,London","postcode":"SW11 1QY","telephone":"0207 2235349
"},{
"location":"
 Clevedon","address":"1 Station Road,Clevedon North,Somerset","postcode":"BS21 6NH","telephone":"01275 343640
"},{
"location":"
 Cleveleys","address":"79 Victoria Road West,Thornton,Cleveleys,Blackpool,Lancashire","postcode":"FY5 1AJ","telephone":"01253
 862307
"},{
"location": "Clifton (Notts)",
    "address": "190-192 South Church Drive,Clifton,Nottingham",
    "postcode":"NG11
 8AA","telephone":"01159216276
"},{
"location": "Clitheroe",
    "address": "16 Castle Street,Clitheroe,Lancashire",
    "postcode":"BB7
 2BX","telephone":"01200 428531
"},{
"location": "Clydebank",
    "address":"23 Sylvania Way
 South,Clydebank,Dunbartonshire","postcode":"G81 1EA","telephone":"0141 9528760
"},{
"location": "Coatbridge",
    "address":"Unit
 1 20/22 Main Street,Coatbridge,Lanarkshire","postcode":"ML5 3AE","telephone":"01236 449057
"},{
"location":"
 Cobham","address":"26 High Street,Cobham,Surrey","postcode":"KT11 3EB","telephone":"01932 863947
"},{
"location": "Coffee
 Together at Bristol Brislington","postcode":"Unit 2B,Brislington Retail Park,Bristol","postcode":"BS4 5NG","telephone":
"},{
"location": "Coffee Together at Great Yarmouth - Opening 17th March",
    "postcode":"Unit 2C,Gapton Hall Retail Park,Gapton
 Hall Road,Great Yarmouth","postcode":"NR31 0LZ","telephone":
"},{
"location": "Coleford",
    "address":"11 Market
 Place,Coleford,Glos","postcode":"GL16 8AW","telephone":"01594 810606
"},{
"location": "Colwyn Bay",
    "address":"2 Conway
 Road,Colwyn Bay,Clwyd","postcode":"LL29 7HS","telephone":"01492 530163
"},{
"location": "Congleton",
    "address":"22 Bridge
 Street,Congleton,Cheshire","postcode":"CW12 1AS","telephone":"01260 273326
"},{
"location": "Corby (Superstore)",
    "address":"Unit
 B 8 Alexandra Road,Oasis Retail Park,Corby,Northamptonshire","postcode":"NN17 1RA",
    "telephone":"01536 401990
"},{
"location": "Corstorphine (Superstore)",
    "address": "Unit 4,Corstorphine Retail Park,Edinburgh",
    "postcode":"EH12
 7UF","telephone":"0131 334 4050
"},{
"location": "Cotteridge",
    "address": "20 Watford Road,Cotteridge,Birmingham",
    "postcode":"B30
 1JA","telephone":"0121 433 4134
"},{
"location": "Coventry",
    "address": "7 Trinity Street,Coventry,West Midlands",
    "postcode":"CV1
 1FJ","telephone":"02476 225244
"},{
"location": "Coventry (Superstore)",
    "address":"Units 9 and 10 Warwickshire Shopping
 Park,Kynner Way,Binley","postcode":"CV3 2SB","telephone":"024 7644 0552
"},{
"location": "Cowbridge (Cardiff)",
    "address":"56
 High Street,Cowbridge,Cardiff","postcode":"CF71 7AH","telephone":"01446 772084
"},{
"location": "Crayford
 (Superstore)","address":"Unit 3,Crayford Island Retail Park",
    "postcode": "DA1 4FY",
    "telephone":"01322 310588
"},{
"location":"
 Cregagh","address":"6 Cregagh Centre,Cregagh Shopping Centre,Belfast","postcode":"BT6 9EQ","telephone":"02890 738907
"},{
"location": "Crewe",
    "address": "10 Market Street,Crewe,Cheshire",
    "postcode": "CW1 1EG",
    "telephone":"01270 256548
"},{
"location": "Crieff",
    "address": "29 High Street,Crieff,Perthshire",
    "postcode": "PH7 3HU",
    "telephone":"01764 655421
"},{
"location": "Cromer",
    "address": "4 Hamilton road,Cromer,Norfolk",
    "postcode": "NR27 9HL",
    "telephone":"01263 512750
"},{
"location": "Crouch End",
    "address": "13 The Broadway,Crouch End,London",
    "postcode": "N8 8DU",
    "telephone":"0208 3410057
"},{
"location": "Crystal Palace",
    "address": "30 Westow Hill,Upper Norwood,London",
    "postcode": "SE19 1RX",
    "telephone":"0208
 7666277
"},{
"location": "Cwmbran",
    "address": "9 North Walk,Cwmbran Shopping Centre,Cwmbran",
    "postcode": "NP44 1PR",
    "telephone":"01633 862156
"},{
"location": "Dalkeith",
    "address": "10 High Street,Dalkeith,Midlothian",
    "postcode": "EH22 1HR",
    "telephone":"0131
 6633324
"},{
"location": "Darlington",
    "address": "13 Post House Wynd,Darlington,Co, Durham",
    "postcode": "DL3 7LU",
    "telephone":"01325 380602
"},{
"location": "Dartmouth",
    "address": "20 Duke Street,Dartmouth,Devon",
    "postcode": "TQ6 9PZ",
    "telephone":"01803
 834800
"},{
"location": "Derby (Albert St)",
    "address": "7 Albert Street,Derby,Derbyshire",
    "postcode": "DE1 2DS",
    "telephone":"01332
 291305
"},{
"location": "Derby (Allenton)",
    "address": "826 Osmaston Road,Allenton,Derby",
    "postcode": "DE24 9AA",
    "telephone":"01332
 332746
"},{
"location": "Derby (Alvaston)",
    "address": "21 Shardlow Road,Alvaston,Derby",
    "postcode": "DE24 0JG",
    "telephone":"01332
 574970
"},{
"location": "Derby (Babington Lane)",
    "address": "15 Babington Lane,Derby,Derbyshire",
    "postcode":"DE1
 1TA","telephone":"01332 298699
"},{
"location": "Derry City",
    "address": "19 Ferry Quay Street,Londonderry",
    "postcode":"BT48
 6JB","telephone":"028 7126 6636
"},{
"location": "Dewsbury",
    "address": "22 Longcauseway,Dewsbury,West Yorkshire",
    "postcode":"WF12
 8EN","telephone":"01924 452901
"},{
"location": "Didcot",
    "address": "198 Broadway,Didcot,Oxon",
    "postcode": "OX11 8RN",
    "telephone":"01235 510950
"},{
"location": "Didsbury",
    "address": "800-802 Wilmslow Road,Didsbury,Manchester",
    "postcode": "M20 6UH",
    "telephone":"0161 445 1182
"},{
"location": "Doncaster",
    "address": "15 Scot Lane,Doncaster,South Yorkshire",
    "postcode": "DN1 1EW",
    "telephone":"01302 328751
"},{
"location": "Dorking",
    "address": "207 High Street,Dorking,Surrey",
    "postcode": "RH4 1RU",
    "telephone":"01306
 876173
"},{
"location": "Downpatrick",
    "address":"Unit 1 3-7 St Patricks Avenue,Downpatrick,Co, Down N,I,
    ","postcode":"BT30
 6DW","telephone":"02844 616157
"},{
"location": "Droitwich",
    "address":"26 St Andrews Square,Droitwich,Hereford &amp;
 Worcester","postcode":"WR9 8HE","telephone":"01905 795024
"},{
"location": "Dudley",
    "address":"258 Castle Street,Dudley,West
 Midlands","postcode":"DY1 1LQ","telephone":"01384 238011
"},{
"location": "Dumbarton",
    "address":"120 High
 Street,Dumbarton,Strathclyde","postcode":"G82 1PQ","telephone":"01389 732007
"},{
"location": "Dumfries",
    "address":"114/116
 Friars Vennel,Dumfries","postcode":"DG1 2RE","telephone":"01387 269441
"},{
"location": "Dundee Superstore",
    "address":"Unit
 2,Gallagher Retail Park,Dundee","postcode":"DD1 3JS","telephone":"01382 453808
"},{
"location": "Dunfermline (East
 Port)","address":"4 East Port,Dunfermline,Fife","postcode":"KY12 7JB","telephone":"01383 732 471
"},{
"location": "Dunfermline
 (High St)","address":"6 High Street,Dunfermline,Fife","postcode":"KY12 7AR","telephone":"01383 739497
"},{
"location":"
 Dungannon","address":"33 Market Square,Dungannon,Co, Tyrone","postcode":"BT70 1JD","telephone":"02887 752207
"},{
"location":"
 Dunstable (Superstore)","address":"White Lion Retail Park,Unit 1c,Dunstable",
    "postcode": "LU5 4WL",
    "telephone":"01582 664296
"},{
"location": "Ealing Broadway",
    "address": "66 The Mall,Ealing Broadway,London",
    "postcode": "W5 5LS",
    "telephone":"020 8840 1197
"},{
"location": "East Barnet",
    "address": "276 East Barnet Road,East Barnet,Hertfordshire",
    "postcode": "EN4 8TD",
    "telephone":"0208
 4490850
"},{
"location": "East Dereham",
    "address": "9 High Street,East Dereham,Norfolk",
    "postcode": "NR19 1DZ",
    "telephone":"01362
 696101
"},{
"location": "East Grinstead",
    "address": "93 London Road,East Grinstead,West Sussex",
    "postcode":"RH19
 1EQ","telephone":"01342 317295
"},{
"location": "East Ham",
    "address": "154 High Street North,East Ham,London",
    "postcode":"E6
 2HT","telephone":"020 8472 4333
"},{
"location": "East Sheen",
    "address":"244 Upper Richmond Road West,East
 Sheen,London","postcode":"SW14 8AG","telephone":"0208 8762255
"},{
"location": "Eastbourne",
    "address":"172 Terminus
 Road,Eastbourne,East Sussex","postcode":"BN21 3BB","telephone":"01323 739703
"},{
"location": "Edinburgh
 (Corstorphine)","address":"9/10 Ormiston Terrace,Corstorphine,Edinburgh","postcode":"EH12 7SJ","telephone":"0131 334 3580
"},{
"location": "Edinburgh (Davidsons Mains)",
    "address": "64 Main Street,Davidson Mains,Edinburgh",
    "postcode":"EH4
 5AA","telephone":"0131 336 4408
"},{
"location": "Edinburgh (Morningside)",
    "address":"87 Morningside
 Road,Edinburgh","postcode":"EH10 4AY","telephone":"0131 4528064
"},{
"location": "Edinburgh (Nicolson
 Street)","postcode":"130/132 Nicolson Street,Edinburgh",
    "postcode": "EH8 9EH",
    "telephone":"0131 6670711
"},{
"location":"
 Edinburgh (Portobello)","address":"208 High Street,Portobello,Edinburgh","postcode":"EH15 1EX","telephone":"0131 669 0894
"},{
"location": "Edinburgh (South Clerk St)",
    "address": "11 South Clerk Street,Edinburgh",
    "postcode": "EH8 9JD",
    "telephone":"0131
 667 1284
"},{
"location": "Edinburgh (Stockbridge)",
    "address": "30d Raeburn Place,Stockbridge,Edinburgh",
    "postcode":"EH4
 1HN","telephone":"0131 3436343
"},{
"location": "Edinburgh (Tollcross)",
    "address":"50 Home
 Street,Tollcross,Edinburgh","postcode":"EH3 9NA","telephone":"0131 229 6252
"},{
"location": "Elgin (185 High
 St)","address":"185 High Street,Elgin,Morayshire","postcode":"IV30 1DW","telephone":"01343 540551
"},{
"location": "Elgin (38-40
 High St)","address":"38-40 High Street,Elgin,Morayshire","postcode":"IV30 1BU","telephone":"01343 542 563
"},{
"location": "Elm
 Park","address":"15 Elm Parade,Elm Park,Hornchurch,Essex","postcode":"RM12 4SA","telephone":"01708 459979
"},{
"location":"
 Eltham","address":"171 High Street,Eltham,London","postcode":"SE9 1TS","telephone":"020 8859 2171
"},{
"location":"
 Ely","address":"2 Coronation Parade,High Street,Ely,Cambridgeshire","postcode":"CB7 4LB","telephone":"01353 669550
"},{
"location": "Enfield",
    "address": "25 The town,Enfield,Middlesex",
    "postcode": "EN2 6LU",
    "telephone":"0208 3669320
"},{
"location": "Enniskillen",
    "address": "25 Townhall Street,Enniskillen,Fermanagh",
    "postcode": "BT74 7BD",
    "telephone":"02866
 328055
"},{
"location": "Epping (197 High Street)",
    "address": "197 High Street,Epping,Essex",
    "postcode": "CM16 4BL",
    "telephone":"01992 561437
"},{
"location": "Epsom",
    "address": "75/77 High Street,Epsom,Surrey",
    "postcode": "KT19 8DN",
    "telephone":"01372
 743420
"},{
"location": "Exeter",
    "address": "145 Sidwell Street,Exeter,Devon",
    "postcode": "EX4 6RT",
    "telephone":"01392 216059
"},{
"location": "Exmouth",
    "address": "40 The Parade,Exmouth,Devon",
    "postcode": "EX8 1RW",
    "telephone":"01395 272066
"},{
"location":"
 Fakenham","address":"26 Market Place,Fakenham,Kings Lynn,Norfolk","postcode":"NR21 9BS","telephone":"01328 851005
"},{
"location": "Falkirk",
    "address": "18 Vicar Street,Falkirk,Stirlingshire",
    "postcode": "FK1 1JL",
    "telephone":"01324 621356
"},{
"location": "Falmouth (Market Street)",
    "address": "52 Market Street,Falmouth,Cornwall",
    "postcode": "TR11 3AB",
    "telephone":"01326
 212905
"},{
"location": "Farnham (Downing Street)",
    "address": "26/27 Downing Street,Farnham,Surrey",
    "postcode":"GU9
 7PD","telephone":"01252 737867
"},{
"location": "Farnham (West St)",
    "address": "108 West Street,Farnham,Surrey",
    "postcode":"GU9
 7HH","telephone":"01252 712133
"},{
"location": "Faversham (West St)",
    "address":"115 West
 Street,Faversham,Kent","postcode":"ME13 7JB","telephone":"01795 535649
"},{
"location": "Felixstowe",
    "address":"184 Hamilton
 Road,Felixstowe,Suffolk","postcode":"IP11 7DU","telephone":"01394 272424
"},{
"location": "Ferndown",
    "address":"72 Victoria
 Road,Ferndown,Dorset","postcode":"BH22 9JA","telephone":"01202 861242
"},{
"location": "Finaghy",
    "address":"129 Upper Lisburn
 Road,Finaghy,Belfast","postcode":"BT10 0LH","telephone":"02890 300033
"},{
"location": "Finchley",
    "address":"69 Ballards
 Lane,Finchley,London","postcode":"N3 1XT","telephone":"0208 3494962
"},{
"location": "Folkestone",
    "address":"90 Sandgate
 Road,Folkstone,Kent","postcode":"CT20 2BE","telephone":"01303 257414
"},{
"location": "Formby",
    "address":"Unit 2 36 Chapel
 Lane,Formby,Liverpool","postcode":"L37 4DU","telephone":"01704 833130
"},{
"location": "Fort William",
    "address":"8 Tweeddale
 Buildings,High Street,Fort William,Inverness-shire","postcode":"PH33 6EU","telephone":"01397 705116
"},{
"location":"
 Fraserburgh","address":"12 Broad Street,Fraserburgh,Aberdeenshire","postcode":"AB43 9AH","telephone":"01346 517636
"},{
"location": "Frodsham",
    "address": "5 Eddisbury Square,Frodsham,Warrington,Cheshire",
    "postcode": "WA6 6QS",
    "telephone":"01928
 731139
"},{
"location": "Fulham",
    "address": "350 North End Road,Fulham,London",
    "postcode": "SW6 1NB",
    "telephone":"020 7381 8458
"},{
"location": "Galashiels",
    "address": "55 High Street,Galashiels,Borders",
    "postcode": "TD1 1RZ",
    "telephone":"01896 755 391
"},{
"location": "Gerrards Cross",
    "address": "38D Packhorse Road,Gerrards Cross",
    "postcode": "SL9 8EB",
    "telephone":"01753883321
"},{
"location": "Gillingham",
    "address": "90 High Street,Gillingham,Kent",
    "postcode": "ME7 1AX",
    "telephone":"01634 851142
"},{
"location": "Glasgow (Anniesland)",
    "address": "1644 Great Western Road,Anniesland,Strathclyde,Glasgow",
    "postcode":"G13
 1HH","telephone":"0141 9501702
"},{
"location": "Glasgow (Clarkston)",
    "address":"38/42 Busby
 Road,Clakston,Glasgow","postcode":"G76 7XJ","telephone":"0141 6389811
"},{
"location": "Glasgow (Queen Street)",
    "address":"69-71
 Queen Street,Glasgow","postcode":"G1 3BZ","telephone":"0141 204 3756
"},{
"location": "Glasgow (Sauchiehall)",
    "address":"269
 Sauchiehall Street,Glasgow","postcode":"G2 3HQ","telephone":"0141 3328204
"},{
"location": "Glasgow (Victoria
 Road)","address":"420/424 Victoria Road,Glasgow","postcode":"G42 8YS","telephone":"0141 422 2121
"},{
"location":"
 Glastonbury","address":"26 High Street,Glastonbury,Somerset","postcode":"BA6 9DX","telephone":"01458 834927
"},{
"location":"
 Glengormley","address":"300/2 Antrim Road,Glengormley,Co, Antrim","postcode":"BT36 5EQ","telephone":"02890 837118
"},{
"location": "Glossop",
    "address": "5 High Street West,Glossop,Derbyshire",
    "postcode": "SK13 8AL",
    "telephone":"01457 860199
"},{
"location": "Gloucester",
    "address": "12 The Oxbode,Gloucester,Glos,",
    "postcode": "GL1 2RZ",
    "telephone":"01452 417727
"},{
"location": "Godalming",
    "address": "25 High Street,Godalming,Surrey",
    "postcode": "GU7 1AU",
    "telephone":"01483 421312
"},{
"location": "Golders Green",
    "address": "871 Finchley Road,Golders Green,London",
    "postcode": "NW11 8RR",
    "telephone":"0208
 4586914
"},{
"location": "Goole",
    "address": "19 Boothferry Road,Goole,East Yorkshire",
    "postcode": "DN14 5DE",
    "telephone":"01405
 761513
"},{
"location": "Gosforth",
    "address": "10 Gosforth Shopping Centre,Gosforth,Newcastle Upon Tyne",
    "postcode":"NE3
 1HB","telephone":"0191 2130002
"},{
"location": "Gosport",
    "address": "98 High Street,Gosport,Hants",
    "postcode":"PO12
 1DS","telephone":"023 92510243
"},{
"location": "Grangemouth",
    "address":"30c La Porte
 Precinct,Grangemouth,Stirlingshire","postcode":"FK3 8BG","telephone":"01324 666 266
"},{
"location": "Grantham",
    "address":"20
 High Street,Grantham,Lincolnshire","postcode":"NG31 6PH","telephone":"01476 579647
"},{
"location": "Gravesend",
    "address":"Unit
 1 30-31 New Road,Gravesend","postcode":"DA11 0AB","telephone":"01474 569350
"},{
"location": "Great Yarmouth
 (Superstore)","postcode":"Unit 2C,Gapton Hall Retail Park,Gapton Hall Road,Great Yarmouth","postcode":"NR31 0LZ","telephone":"01493 442206
"},{
"location": "Greenford",
    "address": "4 The Broadway,Greenford,Middlesex",
    "postcode": "UB6 9PR",
    "telephone":"0208
 5750390
"},{
"location": "Greenock",
    "address": "32 West Blackhall Street,Greenock,Renfrewshire",
    "postcode":"PA15
 1UE","telephone":"01475 888054
"},{
"location": "Guernsey",
    "address": "37 Le Pollet,St Peter Port,Guernsey",
    "postcode":"GY1
 1ZG","telephone":"01481 723712
"},{
"location": "Guildford",
    "address": "258 High Street,Guildford,Surrey",
    "postcode":"GU1
 3JJ","telephone":"01483 562146
"},{
"location": "Haddington",
    "address":"71/72 High Street,Haddington,East
 Lothian","postcode":"EH41 3EN","telephone":"01620 826846
"},{
"location": "Halesowen",
    "address":"79 High Street,Halesowen,West
 Midlands","postcode":"B63 3BQ","telephone":"0121 585 5733
"},{
"location": "Hammersmith",
    "address":"123a King
 Street,Hammersmith,London","postcode":"W6 9JG","telephone":"0208 5630440
"},{
"location": "Hampstead",
    "address":"75 Hampstead
 High St,London","postcode":"NW3 1QX","telephone":"020 7431 1722
"},{
"location": "Harpenden",
    "address":"15 High
 Street,Harpenden,Herts","postcode":"AL5 2RT","telephone":"01582 712447
"},{
"location": "Harrogate (Beulah St)",
    "address":"7
 Beulah Street,Harrogate,Yorkshire","postcode":"HG1 1QQ","telephone":"01423 858 672
"},{
"location": "Harrogate (Oxford
 St)","address":"24a Oxford Street,Harrogate,North Yorkshire","postcode":"HG1 1PU","telephone":"01423 526449
"},{
"location":"
 Haslemere","address":"8 Petworth Road,Haslemere,Surrey","postcode":"GU27 2HR","telephone":"01428 652109
"},{
"location":"
 Havant","address":"25 West Street,Havant,Hants","postcode":"PO9 1ER","telephone":"023 92481363
"},{
"location": "Hayes",
    "address":"1
 Coldharbour Lane,Hayes,Middlesex","postcode":"UB3 3EA","telephone":"0208 5735188
"},{
"location": "Haywards
 Heath","address":"117 South Road,Haywards Heath,West Sussex","postcode":"RH16 4LR","telephone":"01444 458776
"},{
"location":"
 Headington (114 London Rd)","address":"114 London Road,Headington,Oxford","postcode":"OX3 9AX","telephone":"01865 768199
"},{
"location": "Headington (79c-81a London Rd)",
    "postcode": "79c/81a London Road,Headington,Oxford",
    "postcode":"OX3
 9AA","telephone":"01865 761029
"},{
"location": "Heathfield",
    "address":"Unit 1,Pelham House,High
 Street,Heathfield,Sussex","postcode":"TN21 8HS","telephone":"01435 868937
"},{
"location": "Helensburgh",
    "address":"2 Sinclair
 Street,Helensburgh,Dunbartonshire","postcode":"G84 8SU","telephone":"01436 674547
"},{
"location": "Hemel
 Hempstead","address":"101 Marlowes,Hemel Hempstead,Herts","postcode":"HP1 1LF","telephone":"01442 230365
"},{
"location":"
 Henley","address":"11 Duke Street,Henley,Oxon","postcode":"RG9 1UR","telephone":"01491 579068
"},{
"location": "Herne Bay (High
 St)","address":"121 High Street,Herne Bay,Kent","postcode":"CT6 5LA","telephone":"01227 740943
"},{
"location": "Herne Bay
 (Mortimer St)","address":"110/112 Mortimer Street,Herne Bay,Kent","postcode":"CT6 5EB","telephone":"01227 741099
"},{
"location": "Hexham",
    "address": "17 Priestpopple,Hexham,Northumberland",
    "postcode": "NE46 1PH",
    "telephone":"01434 606235
"},{
"location": "High Wycombe",
    "address": "8 Church Street,High Wycombe,Bucks",
    "postcode": "HP11 2DE",
    "telephone":"01494 464174
"},{
"location": "Highgate",
    "address": "72 Highgate High Street,Highgate,London",
    "postcode": "N6 5HX",
    "telephone":"0208 3416330
"},{
"location": "Hinckley",
    "address": "11 Castle Street,Hinckley",
    "postcode": "LE10 1DA",
    "telephone":"01455 251340
"},{
"location":"
 Hitchin","address":"16 High Street,Hitchin,Herts","postcode":"SG5 1AT","telephone":"01462 433188
"},{
"location": "Holloway
 Road","address":"374 Holloway Road,London","postcode":"N7 6PN","telephone":"020 7619 9408
"},{
"location": "Holyhead
 (Superstore)","address":"Unit 1,Holyhead Retail Park,Penrhos Industrial Estate,Penrhos,Holyhead",
    "postcode":"LL65
 2UQ","telephone":"01407 762025
"},{
"location": "Holywood",
    "address": "80 High Street,Holywood,Co, Down N,I,",
    "postcode":"BT18
 9JQ","telephone":"0289042 2756
"},{
"location": "Honiton",
    "address": "Unit 4,Lace Walk,Honiton,Devon",
    "postcode":"EX14
 1LR","telephone":"01404 44002
"},{
"location": "Hornchurch",
    "address": "8 Station Lane,Hornchurch,Essex",
    "postcode":"RM12
 6NJ","telephone":"01708 449998
"},{
"location": "Horsham (East St)",
    "address":"14 East Street,Horsham,West
 Sussex","postcode":"RH12 1HL","telephone":"01403 258526
"},{
"location": "Horsham (West St)",
    "address":"33 West
 Street,Horsham,West Sussex","postcode":"RH12 1PB","telephone":"01403 210838
"},{
"location": "Hounslow",
    "address":"125 High
 Street,Hounslow,Middlesex","postcode":"TW3 1QL","telephone":"020 8572 6662
"},{
"location": "Huddersfield",
    "address":"5 Ramsden
 Street,City Centre,Huddlesfield,West Yorkshire","postcode":"HD1 2SX","telephone":"01484 518035
"},{
"location": "Hull
 (Superstore)","address":"Unit 16,Anlaby Retail Park,Springfield Way,Hull",
    "postcode": "HU10 6RJ",
    "telephone":"01482 503218
"},{
"location": "Hyde",
    "address": "20 Market Place,Hyde,Cheshire",
    "postcode": "SK14 2QU",
    "telephone":"0161 3680110
"},{
"location":"
 Ilford","address":"36 Cranbrook Road,Ilford,Essex","postcode":"IG1 4NE","telephone":"020 8553 0903
"},{
"location":"
 Ilkley","address":"12 The Grove,Ilkley,West Yorkshire","postcode":"LS29 9EG","telephone":"01943 601862
"},{
"location":"
 Inverness","address":"1 Drummond Street,Inverness","postcode":"IV1 1QD","telephone":"01463 231326
"},{
"location":"
 Inverurie","address":"Unit B,Burnside Court,Inverurie",
    "postcode": "AB51 3RY",
    "telephone":"01467620557
"},{
"location": "Ipswich
 (Upper Brook St)","address":"26 Upper Brook Street,Ipswich,Suffolk","postcode":"IP4 1EB","telephone":"01473 280128
"},{
"location": "Ipswich (Westgate Street)",
    "address": "53 Westgate Street,Ipswich,Suffolk",
    "postcode": "IP1 3DX",
    "telephone":"01473
 230882
"},{
"location": "Irvine (Superstore)",
    "address": "Unit 2a,Riverway Retail Park,Irvine",
    "postcode": "KA12 8AG",
    "telephone":"01294 272980
"},{
"location": "Isle of Sheppey (Superstore)",
    "postcode":"Unit R5,Neats Court Retail Park,Isle of
 Sheppey","postcode":"ME11 5AR","telephone":"01795 668315
"},{
"location": "Islington",
    "address":"34 Upper
 Street,Islington,London","postcode":"N1 0PN","telephone":"020 7226 8951
"},{
"location": "Jersey (Halkett
 Place)","address":"56,Halkett Place,St Helier,Jersey","postcode":"JE2 4WG","telephone":"01534 480825
"},{
"location":"
 Johnstone","address":"40-41 Houston Court,Units 1-2,Johnstone","postcode":"PA5 8DL","telephone":"01505 326823
"},{
"location":"
 Kelso","address":"20 Bridge Street,Kelso,Roxburghshire","postcode":"TD5 7JD","telephone":"01573 226171
"},{
"location":"
 Kendal","address":"21 Stricklandgate,Kendal","postcode":"LA9 4LY","telephone":"01539 738734
"},{
"location":"
 Kenilworth","address":"56-58 Warwick Road,Kenilworth,Warwickshire","postcode":"CV8 1HH","telephone":"01926 851250
"},{
"location": "Kensington",
    "address": "219 Kensington High Street,London",
    "postcode": "W8 6BD",
    "telephone":"020 7937 0485
"},{
"location": "Keswick",
    "address": "24 Main Street,Keswick,Cumbria",
    "postcode": "CA12 5JD",
    "telephone":"01768 771207
"},{
"location": "Kettering",
    "address": "26 High Street,Kettering,Northamptonshire",
    "postcode": "NN16 8ST",
    "telephone":"01536
 515702
"},{
"location": "Kilburn",
    "address": "187 Kilburn High Road,Kilburn,London",
    "postcode": "NW6 7HY",
    "telephone":"0207
 6258515
"},{
"location": "Kings Lynn",
    "address": "61 High Street,Kings Lynn,Norfolk",
    "postcode": "PE30 1AY",
    "telephone":"01553
 763116
"},{
"location": "Kingsbridge",
    "address": "11 The Anchor Centre,Bridge Street,Knightsbridge,Devon",
    "postcode":"TQ7
 1SB","telephone":"01548 852484
"},{
"location": "Kingston (Fife Road)",
    "address": "12 Fife Road,Kingston,Surrey",
    "postcode":"KT1
 1SZ","telephone":"020 8546 7042
"},{
"location": "Kirkcaldy",
    "address": "141 High Street,Kirkcaldy,Fife",
    "postcode":"KY1
 1LR","telephone":"01592 263209
"},{
"location": "Kirkintilloch",
    "address": "91 Cowgate,Kirkintilloch,Strathclyde",
    "postcode":"G66
 1JD","telephone":"0141 7750655
"},{
"location": "Knaresborough",
    "address":"7 Market Place,Knaresborough,North
 Yorkshire","postcode":"HG5 8AL","telephone":"01423 860068
"},{
"location": "Knutsford",
    "address":"79 King
 Street,Knutsford,Cheshire","postcode":"WA16 6DX","telephone":"01565 650558
"},{
"location": "Lancaster",
    "address":"54-54a Market
 Street,Lancaster","postcode":"LA1 1HS","telephone":"01524 65609
"},{
"location": "Largs",
    "address":"44 Main
 Street,Largs,Ayrshire","postcode":"KA30 8AL","telephone":"01475 687371
"},{
"location": "Leamington Spa",
    "address":"26 Bedford
 Street,Leamington Spa","postcode":"CV32 5DY","telephone":"01926 887599
"},{
"location": "Leatherhead",
    "address":"2 North
 Street,Leatherhead,Surrey","postcode":"KT22 7AW","telephone":"01372 372978
"},{
"location": "Leeds (Horsforth)",
    "address":"14
 Town Street,Horsforth,Leeds","postcode":"LS18 4RJ","telephone":"0113 2390091
"},{
"location": "Leeds (Lands Lane)",
    "address":"28
 Lands Lane,Leeds","postcode":"LS1 6LB","telephone":"0113 243 1820
"},{
"location": "Leeds (Superstore)",
    "address":"Unit
 2,Kirkstall Bridge Shopping Park,Leeds","postcode":"LS5 3BL","telephone":"0113 278 8413
"},{
"location": "Leek (Derby
 St)","address":"14 Derby Street,Leek,Staffs","postcode":"ST13 5AB","telephone":"01538 399118
"},{
"location":"
 Leicester","address":"2 Horsefair Street,Leicester","postcode":"LE1 5BN","telephone":"0116 254 5474
"},{
"location": "Leith
 (Newkirkgate)","address":"15 Newkirkgate,Leith,Lothian,Edinburgh","postcode":"EH6 6AD","telephone":"0131 5537086
"},{
"location": "Lerwick",
    "address": "Harrison Square,Lerwick,Shetland",
    "postcode": "ZE1 0LL",
    "telephone":"01595 695 349
"},{
"location": "Leven",
    "address": "73 High Street,Leven,Fife",
    "postcode": "KY8 4NF",
    "telephone":"01333 428852
"},{
"location":"
 Lewes","address":"214 High Street,Lewes,East Sussex","postcode":"BN7 2NH","telephone":"01273 486033
"},{
"location":"
 Lewisham","address":"135 High Street,Lewisham,London","postcode":"SE13 6AA","telephone":"0208 4630179
"},{
"location":"
 Lichfield","address":"13 Market Street,Lichfield,Staffs","postcode":"WS13 6JX","telephone":"01543 252417
"},{
"location":"
 Lincoln","address":"254 High Street,Lincoln","postcode":"LN2 1HW","telephone":"01522 523939
"},{
"location":"
 Linlithgow","address":"107 High Street,Linlithgow,West Lothian","postcode":"EH49 7EQ","telephone":"01506 848552
"},{
"location": "Liphook",
    "address": "20 Station Road,Liphook,Hants",
    "postcode": "GU30 7DR",
    "telephone":"01428 724664
"},{
"location": "Lisburn (Market Sq)",
    "address": "49 Market Square South,Lisburn,Co, Antrim",
    "postcode": "BT28 1AD",
    "telephone":"02892 629355
"},{
"location": "Lisburn (Smithfield Sq)",
    "address": "4 Smithfield Square,Lisburn",
    "postcode":"BT28
 1TH","telephone":"02892 663107
"},{
"location": "Looe",
    "address": "Fore Street,East Looe,Cornwall",
    "postcode":"PL13
 1AD","telephone":"01503 263032
"},{
"location": "Loughborough",
    "address":"70 Market
 Street,Loughborough,Leicestershire","postcode":"LE11 3ER","telephone":"01509 219791
"},{
"location": "Loughton",
    "address":"246
 High Road,Loughton,Essex","postcode":"IG10 1RB","telephone":"020 8508 5727
"},{
"location": "Louth",
    "address":"20 Market
 Place,Louth,Lincolnshire","postcode":"LN11 9PD","telephone":"01507 600547
"},{
"location": "Lowestoft",
    "address":"Unit 1 112
 London Road North,Lowestoft","postcode":"NR32 1HA","telephone":"01502 584771
"},{
"location": "Ludlow (Castle St)",
    "address":"3
 Castle Street,Ludlow,Shropshire","postcode":"SY8 1AS","telephone":"01584 878293
"},{
"location": "Lytham",
    "address":"6 Market
 Square,Lytham,Lancs","postcode":"FY8 5LW","telephone":"01253 794980
"},{
"location": "Macclesfield (70 Mill St)",
    "address":"70
 Mill Street,Macclesfield,Cheshire","postcode":"SK11 6NH","telephone":"01625 503072
"},{
"location": "Maidenhead",
    "address":"101
 High Street,Maidenhead,Berks","postcode":"SL6 1JX","telephone":"01628 770367
"},{
"location": "Maidstone",
    "address":"19
 Gabriel's Hill,Maidstone,Kent","postcode":"ME15 6HR","telephone":"01622 662502
"},{
"location": "Maldon",
    "address":"58 High
 Street,Maldon,Essex","postcode":"CM9 5PN","telephone":"01621 852605
"},{
"location": "Malmesbury",
    "address":"19 High
 Street,Malmesbury,Wilts","postcode":"SN16 9AA","telephone":"01666 824591
"},{
"location": "March (Fenland Walk)",
    "address":"Unit
 3,Fenland Walk,March,Cambridgeshire","postcode":"PE15 8TW","telephone":"01354 658386
"},{
"location": "Market Drayton (High
 Street)","postcode":"27 High Street,Market Drayton,Shropshire",
    "postcode": "TF9 1QF",
    "telephone":"01630 655782
"},{
"location":"
 Market Harborough","address":"6 Coventry Road,Market Harborough,Leicestershire","postcode":"LE16 9BZ","telephone":"01858
 434768
"},{
"location": "Marlborough",
    "address": "108a High Street,Marlborough",
    "postcode": "SN8 1LT",
    "telephone":"01672 511592
"},{
"location": "Marlow",
    "address": "86 High Street,Marlow",
    "postcode": "SL7 1AQ",
    "telephone":"01628485949
"},{
"location":"
 Marple","address":"13 Market Street,Marple,Stockport,Cheshire","postcode":"SK6 7AA","telephone":"0161 4260081
"},{
"location":"
 Marylebone","address":"24 Marylebone High Street,Marylebone,London","postcode":"W1U 4PQ","telephone":"0207 4874986
"},{
"location": "Melton Mowbray",
    "address": "6 South Parade,Melton Mowbray,Leicestershire",
    "postcode": "LE13 0PU",
    "telephone":"01664
 410240
"},{
"location": "Mere Green",
    "address":"280 Lichfield Road,Four Oaks,Mere Green,Sutton Coldfield,West
 Midlands","postcode":"B74 2UG","telephone":"0121 3232086
"},{
"location": "Merthyr Tydfil",
    "address":"14 Graham Way,St Tydfil
 Square Shopping Centre,Merthyr Tydfil","postcode":"CF47 8EG","telephone":"0168 537 3090
"},{
"location":"
 Middlewich","address":"20/22 Wheelock Street,Middlewich,Cheshire","postcode":"CW10 9AG","telephone":"01606 832151
"},{
"location": "Midhurst",
    "address": "North Street,Midhurst,West Sussex",
    "postcode": "GU29 9DH",
    "telephone":"01730 813381
"},{
"location": "Mill Hill",
    "address": "37 The Broadway,Mill Hill,London",
    "postcode": "NW7 3DA",
    "telephone":"0208 9064628
"},{
"location": "Milngavie",
    "address": "24 Main Street,Milngavie,Strathclyde",
    "postcode": "G62 6BL",
    "telephone":"0141 9566914
"},{
"location": "Minehead",
    "address": "2 The Parade,Minehead,Somerset",
    "postcode": "TA24 5UF",
    "telephone":"01643 707126
"},{
"location": "Mitcham",
    "address": "3 Fairgreen Parade,Upper Green West,Mitcham,Surrey",
    "postcode": "CR4 3NA",
    "telephone":"020
 8648 5863
"},{
"location": "Monmouth",
    "address": "20 Agincourt Square,Monmouth",
    "postcode": "NP25 3DY",
    "telephone":"01600
 772876
"},{
"location": "Montrose",
    "address": "176 High Street,Montrose,Angus",
    "postcode": "DD10 8JB",
    "telephone":"01674 672890
"},{
"location": "Moortown",
    "address": "380 Harrogate Road,Moortown,Leeds",
    "postcode": "LS17 6PY",
    "telephone":"0113 268 1510
"},{
"location": "Morecambe",
    "address": "31 Euston Road,Morecambe,Lancashire",
    "postcode": "LA4 5DF",
    "telephone":"01524 831490
"},{
"location": "Moreton",
    "address": "242 Hoylake Road,Moreton,Wirral,Merseyside",
    "postcode": "CH46 6AD",
    "telephone":"0151
 6777834
"},{
"location": "Morpeth",
    "address": "30 Bridge Street,Morpeth,Northumberland",
    "postcode": "NE61 1NL",
    "telephone":"01670
 510353
"},{
"location": "Motherwell (Brandon Parade South)",
    "postcode": "75 Brandon Parade South,Motherwell",
    "postcode":"ML1
 1RB","telephone":"01698 250288
"},{
"location": "Musselburgh",
    "address":"102-4 High Street,Musselburgh,East
 Lothian","postcode":"EH21 7EA","telephone":"0131 665 2157
"},{
"location": "Muswell Hill (161 The Broadway)",
    "postcode": "161
 Muswell Hill Broadway,Muswell Hill,London","postcode":"N10 3RS","telephone":"0208 4446688
"},{
"location": "Muswell Hill (85
 The Broadway)","postcode":"85 The Broadway,Muswell Hill,London",
    "postcode": "N10 3HA",
    "telephone":"020 8365 3788
"},{
"location": "Nantwich",
    "address": "42 High Street,Nantwich,Cheshire",
    "postcode": "CW5 5AS",
    "telephone":"01270 625867
"},{
"location": "Neath",
    "address": "Unit 3,Old Market Street,Neath,West Glamorgan",
    "postcode": "SA11 3NA",
    "telephone":"01639
 633533
"},{
"location": "New Malden",
    "address": "85 High Street,New Malden,Surrey",
    "postcode": "KT3 4BP",
    "telephone":"0208
 9495351
"},{
"location": "New Milton",
    "address": "68 Station Road,New Milton",
    "postcode": "BH25 6LE",
    "telephone":"01425615162
"},{
"location": "Newark",
    "address": "26 Stodman Street,Newark,Nottinghamshire",
    "postcode": "NG24 1AW",
    "telephone":"01636 605 047
"},{
"location": "Newbury",
    "address": "Unit 1 27 Market Place,Newbury,Berks",
    "postcode": "RG14 5AA",
    "telephone":"01635 33525
"},{
"location": "Newcastle-Under-Lyme (Ironmarket)",
    "postcode": "19 Ironmarket,Newcastle Under
 Lyme,Staffordshire","postcode":"ST5 1RF","telephone":"01782 713758
"},{
"location": "Newcastle-Under-Lyme (Merrial
 St)","postcode":"55 Merrial Street,Necastle Under Lyme,Staffordshire",
    "postcode": "ST5 2AE",
    "telephone":"01782 715519
"},{
"location": "Newcastle-Upon-Tyne",
    "address": "61 Grainger Street,Newcastle Upon Tyne",
    "postcode": "NE1 5JE",
    "telephone":"0191
 2305419
"},{
"location": "Newmarket",
    "address": "27 High Street,Newmarket,Suffolk",
    "postcode": "CB8 8LX",
    "telephone":"01638
 663093
"},{
"location": "Newport (Superstore)",
    "address": "Unit 16,Newport Retail Park,Newport",
    "postcode":"NP19
 4QQ","telephone":"01633 271764
"},{
"location": "Newquay",
    "address": "24 East Street,Newquay,Cornwall",
    "postcode":"TR7
 1BH","telephone":"01637 873872
"},{
"location": "Newton Abbot (Courtenay St)",
    "address":"14 Courtenay Street,Newtown
 Abbot,Devon","postcode":"TQ12 2DT","telephone":"01626 335721
"},{
"location": "Newton Abbot (Queen St)",
    "address":"18 Queen
 Street,Newtown Abbot,Devon","postcode":"TQ12 2EF","telephone":"01626 332015
"},{
"location": "Newtown",
    "address":"13 Market
 Street,Newtown,Powys","postcode":"SY16 2PQ","telephone":"01686 624140
"},{
"location": "Newtownards",
    "address":"50 High
 Street,Newtownards,Co, Down N,I,
    ","postcode":"BT23 7HZ","telephone":"028 9182 0268
"},{
"location": "Norbury",
    "address":"1390
 London Road,Norbury,London","postcode":"SW16 4BZ","telephone":"0208 6791422
"},{
"location": "North Berwick",
    "address":"87 High
 Street,North Berwick,East Lothian","postcode":"EH39 4HD","telephone":"01620 894079
"},{
"location": "North
 Finchley","address":"775 High Road,North Finchley,London","postcode":"N12 8JY","telephone":"0208 4468289
"},{
"location":"
 Northallerton (140 High St)","address":"140 High Street,Northallerton,North Yorkshire","postcode":"DL7 8PE","telephone":"01609
 780295
"},{
"location": "Northallerton (218 High St)",
    "address":"218 High Street,Northallerton,North
 Yorkshire","postcode":"DL7 8LW","telephone":"01609 760869
"},{
"location": "Northampton (Sheep St)",
    "address":"8 Sheep
 Street,Northampton,Northamptonshire","postcode":"NN1 2LU","telephone":"01604 230327
"},{
"location": "Northampton (The
 Parade)","address":"3 The Parade,Northampton,Northants","postcode":"NN1 2EA","telephone":"01604 233337
"},{
"location":"
 Northwich","address":"19a Witton Street,Northwich,Cheshire","postcode":"CW9 5DE","telephone":"01606 333543
"},{
"location":"
 Northwood","address":"38 Green Lane,Northwood,Middlesex","postcode":"HA6 2QB","telephone":"01923 827197
"},{
"location":"
 Norwich","address":"63 London Street,Norwich,Norfolk","postcode":"NR2 1HL","telephone":"01603 765811
"},{
"location":"
 Nottingham (Friar Lane)","address":"7 Friar Lane,Nottingham","postcode":"NG1 6BS","telephone":"0115 9472535
"},{
"location":"
 Nuneaton (Church St)","address":"43 Church Street,Nuneaton,Warwickshire","postcode":"CV11 4AD","telephone":"02476 328121
"},{
"location": "Oakham",
    "address": "5 Market Place,Oakham,Rutland",
    "postcode": "LE15 6DT",
    "telephone":"01572 724354
"},{
"location": "Oban",
    "address": "101 George Street,Oban,Argyll",
    "postcode": "PA34 5NR",
    "telephone":"01631 563296
"},{
"location":"
 Oldham","address":"22 High St,Oldham","postcode":"OL1 1JA","telephone":"0161 652 9693
"},{
"location": "Ormskirk",
    "address":"27
 Burscough Street,Ormskirk","postcode":"L39 2EG","telephone":"01695 576519
"},{
"location": "Orpington (227 High
 St)","address":"227 High Street,Orpington,Kent","postcode":"BR6 0NZ","telephone":"01689 822815
"},{
"location": "Otley",
    "address":"4
 Kirkgate,Otley,West Yorkshire","postcode":"LS21 3HJ","telephone":"01943 850556
"},{
"location": "Oxted",
    "address":"67 Station
 Road East,Oxted,Surrey","postcode":"RH8 0AX","telephone":"01883 717332
"},{
"location": "Paddock Wood",
    "address":"5 Commercial
 Road,Paddock Wood,Kent","postcode":"TN12 6EN","telephone":"01892 834386
"},{
"location": "Paignton",
    "address":"30 Crossways,Hyde
 Road,Paignton,Devon","postcode":"TQ4 5BL","telephone":"01803 525863
"},{
"location": "Paisley",
    "address":"43 Causeyside
 Street,Paisley,Renfrewshire","postcode":"PA1 1YL","telephone":"0141 848 7387
"},{
"location": "Paisley
 (Superstore)","address":"Unit 7,Phoenix Retail Park,Linwood Road,Paisley",
    "postcode": "PA1 2AB",
    "telephone":"01418480677
"},{
"location": "Palmers Green",
    "address": "353 Green Lanes,Palmers Green,London",
    "postcode": "N13 4JG",
    "telephone":"0208 8828031
"},{
"location": "Partick",
    "address": "458-462 Dumbarton Road,Partick,Glasgow",
    "postcode": "G11 6SE",
    "telephone":"0141 339 8858
"},{
"location": "Peebles",
    "address": "52 High Street,Peebles,Borders",
    "postcode": "EH45 8SW",
    "telephone":"01721 720 151
"},{
"location": "Penarth",
    "address": "Unit 1,Stangate House,Stanwell Road,Penarth,South Glamorgan",
    "postcode":"CF64
 2AA","telephone":"02920 704345
"},{
"location": "Penicuik",
    "address": "1 Kentigern Mall,Penicuik,Mid Lothian",
    "postcode":"EH26
 8LE","telephone":"01968 678724
"},{
"location": "Penrith",
    "address": "10 Angel Lane,Penrith,Cumbria",
    "postcode":"CA11
 7BT","telephone":"01768 890495
"},{
"location": "Penzance (Market Place)",
    "address": "33 Market Place,Penzance",
    "postcode":"TR18
 2JF","telephone":"01736 368095
"},{
"location": "Perth (High St)",
    "address": "40 High Street,Perth",
    "postcode":"PH1
 5TQ","telephone":"01738 630321
"},{
"location": "Perth (Scott Street)",
    "address": "27 Scott Street,Perth,Tayside",
    "postcode":"PH1
 5EH","telephone":"01738 639253
"},{
"location": "Peterborough",
    "address":"22
 Westgate,Peterborough,Cambridgeshire","postcode":"PE1 2SY","telephone":"01733 891355
"},{
"location": "Peterhead",
    "address":"5
 Drummer's Corner,Peterhead,Aberdeenshire","postcode":"AB42 1ZP","telephone":"01779 476881
"},{
"location": "Petersfield
 (Chapel Street)","address":"7 Chapel Street,Petersfield,Hants","postcode":"GU32 3DT","telephone":"01730 266758
"},{
"location":"
 Petersfield (High Street)","address":"11 High Street,Petersfield,Hants","postcode":"GU32 3JT","telephone":"01730 231584
"},{
"location": "Pitlochry",
    "address": "Unit 3 63 Atholl Road,Pitlochry,Perthshire",
    "postcode": "PH16 5BL",
    "telephone":"01796
 474466
"},{
"location": "Plymouth (Cornwall St)",
    "address": "108 Cornwall Street,Plymouth,Devon",
    "postcode":"PL1
 1NF","telephone":"01752 671618
"},{
"location": "Plymouth (Mutley Plain)",
    "address":"73F Mutley
 Plain,Plymouth,Devon","postcode":"PL4 6JJ","telephone":"01752 222143
"},{
"location": "Port Talbot",
    "address":"109 Station
 Road,Port Talbot,West Glamorgan","postcode":"SA13 1NR","telephone":"01639 883938
"},{
"location": "Portobello",
    "address":"183
 Portobello Road,Notting Hill,London","postcode":"W11 2ED","telephone":"020 7243 1413
"},{
"location":"
 Portsmouth","address":"197 Commercial Road","postcode":"PO1 1EA","telephone":"023 9282 3670
"},{
"location": "Potters
 Bar","address":"104 Darkes Lane,Potters Bar,Hertfordshire","postcode":"EN6 1AE","telephone":"01707 651225
"},{
"location":"
 Prestwich","address":"448-450 Bury New Road,Prestwich,Manchester","postcode":"M25 5AZ","telephone":"0161 7738924
"},{
"location": "Purley",
    "address": "954 Brighton Road,Purley,Surrey",
    "postcode": "CR8 2LP",
    "telephone":"0208 6606469
"},{
"location": "Putney",
    "address": "127 High Street,Putney,London",
    "postcode": "SW15 1SU",
    "telephone":"020 8788 9305
"},{
"location": "Radcliffe",
    "address": "Unit 3 9a Main Road,Radcliffe on Trent,Nottingham",
    "postcode": "NG12 2FD",
    "telephone":"0115
 9336339
"},{
"location": "Ramsgate",
    "address": "15 Queen Street,Ramsgate,Kent",
    "postcode": "CT11 9DH",
    "telephone":"01843 851787
"},{
"location": "Rawtenstall",
    "address": "46 Bank Street,Rawtenstall,Rossendale,Lancashire",
    "postcode": "BB4 8DY",
    "telephone":"01706
 214997
"},{
"location": "Rayleigh",
    "address": "47 High Street,Rayleigh,Essex",
    "postcode": "SS6 7EW",
    "telephone":"01268 776390
"},{
"location": "Reading (Broad St)",
    "address": "75-76 Broad Street,Reading,Berkshire",
    "postcode": "RG1 2AF",
    "telephone":"01189509186
"},{
"location": "Reading (Friar St)",
    "address": "154 Friar Street,Reading,Berks",
    "postcode": "RG1 1HE",
    "telephone":"0118 959 1991
"},{
"location": "Redcar",
    "address": "6 High Street,Redcar,Cleveland",
    "postcode": "TS10 3DU",
    "telephone":"01642
 498539
"},{
"location": "Redditch",
    "address": "4 Market Place,Redditch,Hereford &amp; Worcester",
    "postcode":"B98
 8AA","telephone":"01527 584696
"},{
"location": "Redruth",
    "address": "71 Fore Street,Redruth,Cornwall",
    "postcode":"TR15
 2AF","telephone":"01209 213793
"},{
"location": "Reigate",
    "address": "3 Priory House,High Street,Reigate,Surrey",
    "postcode":"RH2
 9AE","telephone":"01737 221291
"},{
"location": "Retford",
    "address": "25 Carolgate,Retford,Nottinghamshire",
    "postcode":"DN22
 6BZ","telephone":"01777 860904
"},{
"location": "Richmond",
    "address": "1 Hill Street,Richmond,Surrey",
    "postcode":"TW9
 1SX","telephone":"0208 940 4581
"},{
"location": "Ringwood",
    "address": "17 Market Place,Ringwood,Hants",
    "postcode":"BH24
 1AN","telephone":"01425 480415
"},{
"location": "Ripon",
    "address": "26 Market Place West,Ripon,North Yorkshire",
    "postcode":"HG4
 1BN","telephone":"01765 690126
"},{
"location": "Rochdale",
    "address": "71 Yorkshire Street,Rochdale,Lancashire",
    "postcode":"OL16
 1DB","telephone":"01706 632344
"},{
"location": "Rochester",
    "address": "135 High Street,Rochester,Kent",
    "postcode":"ME1
 1EW","telephone":"01634 832551
"},{
"location": "Romford",
    "address": "102 South Street,Romford,Essex",
    "postcode":"RM1
 1RX","telephone":"01708 741552
"},{
"location": "Romford Depot (donation drop-off only)",
    "address":"Unit 17,Bates Industrial Estate,Church Road,Harolds Wood,Romford",
    "postcode":"RM3 0HU"
"},{
"location": "Romsey",
    "address":"10 Church
 Street,Romsey,Hants","postcode":"SO51 8BU","telephone":"01794 830232
"},{
"location": "Ross",
    "address":"11 Market
 Place,Ross-on-Wye,Herefordshire","postcode":"HR9 5NU","telephone":"01989 567897
"},{
"location": "Rotherham",
    "address":"74
 Effingham Street,Rotherham,South Yorkshire","postcode":"S65 1AL","telephone":"01709 830798
"},{
"location": "Rotherham
 (Superstore)","address":"Unit 8B,Retail World,Stadium Way,Rotherham",
    "postcode": "S60 1TG",
    "telephone":"01709 780707
"},{
"location": "Rothesay",
    "address": "101 Montage Street,Rothesay,Isle of Bute",
    "postcode": "PA20 0HW",
    "telephone":"01700 504897
"},{
"location": "Royal Sutton Coldfield",
    "address": "89 The Parade,Royal Sutton Coldfield",
    "postcode": "B72 1PL",
    "telephone":"0121
 354 9890
"},{
"location": "Rugby",
    "address": "33 Sheep Street,Rugby,Warwickshire",
    "postcode": "CV21 3BX",
    "telephone":"01788
 542514
"},{
"location": "Ruislip",
    "address": "87 High Street,Ruislip,Middlesex",
    "postcode": "HA4 8JB",
    "telephone":"01895 637457
"},{
"location": "Rushden",
    "address": "22 High Street,Rushden,Northamptonshire",
    "postcode": "NN10 0PW",
    "telephone":"01933 353148
"},{
"location": "Rustington",
    "address": "3 Sterling Parade,The Street,Rustington,West Sussex",
    "postcode": "BN16 3DR",
    "telephone":"01903 787488
"},{
"location": "Ryde",
    "address": "39c Union Street,Ryde,Isle of Wight",
    "postcode": "PO33 2LF",
    "telephone":"01983
 566155
"},{
"location": "Saffron Walden",
    "address": "7 King Street,Saffron Walden,Essex",
    "postcode": "CB10 1HE",
    "telephone":"01799
 516646
"},{
"location": "Salford (Superstore)",
    "address": "Regent Retail Park,Salford,Manchester",
    "postcode":"M5
 3TP","telephone":"0161 832 0772
"},{
"location": "Salisbury",
    "address": "20 Catherine Street,Salisbury",
    "postcode":"SP1
 2DA","telephone":"01722 323505
"},{
"location": "Scunthorpe",
    "address": "97 High Street,Scunthorpe,Lincolnshire",
    "postcode":"DN15
 6LY","telephone":"01724 289 628
"},{
"location": "Seaford",
    "address": "33 Broad Street,Seaford,Sussex",
    "postcode":"BN25
 1LS","telephone":"01323 897297
"},{
"location": "Selby",
    "address": "40A Gowthorpe,Selby,North Yorkshire",
    "postcode":"YO8
 4ET","telephone":"01757 210827
"},{
"location": "Sevenoaks",
    "address": "Sevenoaks SH1533",
    "address":"Unit 2 137 High
 Street,Sevenoaks,Kent","postcode":"TN13 1UX","telephone":"01732 455991
"},{
"location": "Shaftesbury",
    "address":"22-24 High
 Street,Shaftesbury,Dorset","postcode":"SP7 8JG","telephone":"01747 855328
"},{
"location": "Shawlands",
    "address":"1073
 Pollokshaws Road,Pollokshaw,Glasgow","postcode":"G41 3YG","telephone":"0141 632 4961
"},{
"location": "Sheffield (Ecclesall
 Rd)","address":"411 Ecclesall Road,Sheffield,South Yorkshire","postcode":"S11 8PG","telephone":"0114 2679150
"},{
"location":"
 Sherwood","address":"591 Mansfield Roas,Sherwood,Nottingham","postcode":"NG5 2FS","telephone":"0115 969 1766
"},{
"location":"
 Shipley","address":"22 Market Square,Shipley,West Yorkshire","postcode":"BD18 3QJ","telephone":"01274 599586
"},{
"location":"
 Shirley","address":"164 Stratford Road,Shirley,Solihull,West Midlands","postcode":"B90 3BQ","telephone":"0121 7336323
"},{
"location": "Shoreham",
    "address": "7 East Street,Shoreham,Sussex",
    "postcode": "BN43 5ZE",
    "telephone":"01273 455266
"},{
"location": "Shotton",
    "address": "41-43 Chester Road West,Shotton,Flintshire",
    "postcode": "CH5 1BY",
    "telephone":"01244 830927
"},{
"location": "Shrewsbury (High St)",
    "address": "9 High Street,Shrewsbury,Shropshire",
    "postcode": "SY1 1SP",
    "telephone":"01743
 355272
"},{
"location": "Sidcup",
    "address": "100 High Street,Sidcup,Kent",
    "postcode": "DA14 6DS",
    "telephone":"0208 3022618
"},{
"location": "Sidmouth",
    "address": "19 Fore Street,Sidmouth,Devon",
    "postcode": "EX10 8AL",
    "telephone":"01395 577203
"},{
"location": "Sittingbourne (The Forum)",
    "address": "23 The Forum Shopping Centre,Sittingbourne,Kent",
    "postcode":"ME10
 3DL","telephone":"01795 479799
"},{
"location": "Skipton",
    "address":"91 Caroline Square,Skipton,North
 Yorkshire","postcode":"BD23 1DA","telephone":"01756 799820
"},{
"location": "Sleaford",
    "address":"37/39
 Southgate,Sleaford,Lincolnshire","postcode":"NG34 7SY","telephone":"01529 414073
"},{
"location": "Slough",
    "address":"8 Park
 Street,Slough,Bucks","postcode":"SL1 1PD","telephone":"01753 572526
"},{
"location": "Solihull",
    "address":"130 High
 Street,Solihull,West Midlands","postcode":"B91 3SX","telephone":"0121 7041557
"},{
"location": "South Harrow",
    "address":"310
 Northolt Road,South Harrow,Middlesex","postcode":"HA2 8EE","telephone":"0208 8644515
"},{
"location": "South
 Woodford","address":"103 George Lane,South Woodford,London","postcode":"E18 1AN","telephone":"020 8530 6348
"},{
"location":"
 Southampton (10 East St)","address":"10 East Street,Southampton,Hants","postcode":"SO14 3HE","telephone":"02380 223775
"},{
"location": "Southampton (Portswood)",
    "address": "Unit 1,The Broadway,Portswood,Southampton,Hants",
    "postcode":"SO17
 2NH","telephone":"02380 671868
"},{
"location": "Southampton (Shirley)",
    "address":"93 High
 Street,Shirley,Southampton,Hants","postcode":"SO16 4EY","telephone":"023 80780196
"},{
"location": "Southend",
    "address":"5
 Warrior House,Southchurch Road,Southend on Sea,Essex","postcode":"SS1 2LZ","telephone":"01702 614735
"},{
"location":"
 Southgate","address":"90 Chase Side,Southgate,London","postcode":"N14 5PH","telephone":"0208 8827969
"},{
"location":"
 Southport","address":"565 Lord Street,Southport,Merseyside","postcode":"PR9 0BB","telephone":"01704 537079
"},{
"location":"
 Southsea","address":"17 Palmerston Road,Southsea","postcode":"PO5 3QQ","telephone":"0239 283 7299
"},{
"location":"
 Southwick","address":"29 Southwick Square,Southwick,Sussex","postcode":"BN42 4FP","telephone":"01273 870615
"},{
"location":"
 Spalding","address":"28 Hall Place,Spalding,Lincolnshire","postcode":"PE11 1SG","telephone":"01775 710350
"},{
"location": "St
 Albans","address":"15A High Street,St, Albans,Hertfordshire","postcode":"AL3 4ED","telephone":"01727 843889
"},{
"location": "St
 Andrews (143 South St)","address":"143 South Street,St, Andrews,Fife","postcode":"KY16 9UN","telephone":"01334 474175
"},{
"location": "St Annes",
    "address": "36 The Square,St, Annes Road West,Lytham St, Annes,Lancashire",
    "postcode":"FY8
 1RF","telephone":"01253 722364
"},{
"location": "St Helens",
    "address":"18 Westfield Street,St,
 Helens,Lancashire","postcode":"WA10 1QF","telephone":"01744 611536
"},{
"location": "St Ives",
    "address":"6 High Street,St
 Ives","postcode":"TR26 1RR","telephone":"01736 791485
"},{
"location": "St John's Wood",
    "address":"53 St John’s Wood High St,St
 John’s Wood,London","postcode":"NW8 7NJ","telephone":"020 7722 5609
"},{
"location": "St Neots",
    "address":"3 Market Street,St,
 Neots,Cambridgeshire","postcode":"PE19 2AR","telephone":"01480 215089
"},{
"location": "Stalybridge",
    "address":"44 Grosvenor
 Road,Stalybridge,Cheshire","postcode":"SK15 1RR","telephone":"0161 338 6685
"},{
"location": "Stamford (St Pauls
 Street)","address":"3 St, Paul's Street,Stamford,Lincolnshire","postcode":"PE9 2BE","telephone":"01780 766 548
"},{
"location":"
 Stanmore","address":"24 The Broadway,Stanmore,Middlesex","postcode":"HA7 4DW","telephone":"0208 9540462
"},{
"location":"
 Stevenage (Superstore)","address":"Unit 2 Oaklands,London Road,Stevenage",
    "postcode": "SG1 1XW",
    "telephone":"01438 359207
"},{
"location": "Steyning",
    "address": "52 High Street,Steyning,West Sussex",
    "postcode": "BN44 3RD",
    "telephone":"01903 812693
"},{
"location": "Stirling (19 Murray Place)",
    "address": "19 Murray Place,Stirling",
    "postcode": "FK8 1DQ",
    "telephone":"01786
 479132
"},{
"location": "Stirling (76 Murray Place)",
    "address": "76 Murray Place,Stirling,Central",
    "postcode":"FK8
 2BX","telephone":"01786 445 661
"},{
"location": "Stockport (Hazel Grove)",
    "address":"129 London Road,Hazel
 Grove,Stockport,Cheshire","postcode":"SK7 4HH","telephone":"0161 419 9385
"},{
"location": "Stockport (Princes
 St)","address":"26 Princes Street,Stockport,Cheshire","postcode":"SK1 1SE","telephone":"0161 4747447
"},{
"location": "Stockport
 (Warren Street)","address":"15 Warren Street,Stockport","postcode":"SK1 1UD","telephone":"01614 779906
"},{
"location":"
 Stoke","address":"44 Devonport Road,Stoke,Plymouth,Devon","postcode":"PL3 4DH","telephone":"01752 568740
"},{
"location":"
 Stokesley","address":"38 High Street,Stokesley","postcode":"TS9 5DQ","telephone":"01642 710109
"},{
"location":"
 Stone","address":"34 High STreet,Stone,Staffordshire","postcode":"ST15 8AW","telephone":"01785 811070
"},{
"location":"
 Stowmarket","address":"8 Old Fox Yard,Stowmarket,Suffolk","postcode":"IP14 1AB","telephone":"01449 616053
"},{
"location":"
 Stranraer","address":"5 South Strand Street,Stranraer,Wigtownshire","postcode":"DG9 7JE","telephone":"01776 706144
"},{
"location": "Stratford-upon-Avon",
    "address": "26 Wood Street,Stratford Upon Avon,Warwickshire",
    "postcode":"CV37
 6JF","telephone":"01789 295804
"},{
"location": "Streatham",
    "address": "65 Streatham High Road,Streatham,London",
    "postcode":"SW16
 1PH","telephone":"0208 6773940
"},{
"location": "Strood (Superstore)",
    "address":"Unit B3,Strood Retail Park,Commercial
 Road,Strood","postcode":"ME2 2JG","telephone":"01634 715634
"},{
"location": "Sudbury",
    "address":"21 Market
 Hill,Sudbury,Suffolk","postcode":"CO10 2EA","telephone":"01787 881591
"},{
"location": "Sunderland (Superstore)",
    "address":"Unit
 C,Pallion Retail Park,Woodbine Terrace,Sunderland","postcode":"SR4 6TY","telephone":"0191 510 8681
"},{
"location":"
 Sunningdale","address":"8 Broomhall Buildings,Cobham Road,Sunningdale,Berks","postcode":"SL5 0DU","telephone":"01344 622994
"},{
"location": "Surbiton",
    "address": "26 Victoria Road,Surbiton,Surrey",
    "postcode": "KT6 4JZ",
    "telephone": "0208 3996384Basement:"0208 3903517
"},{
"location": "Sutton",
    "address": "123 High Street,Sutton",
    "postcode": "SM1 1JQ",
    "telephone":"020 8642 9078
"},{
"location": "Sutton in Ashfield",
    "address": "97 Outram Street,Sutton In Ashfield,Nottinghamshire",
    "postcode":"NG17
 4BG","telephone":"01623 559933
"},{
"location": "Swadlincote",
    "address":"8 Delph Centre,Swadlincote,Burton on
 Trent,Derbyshire","postcode":"DE11 9DA","telephone":"01283 550398
"},{
"location": "Swansea",
    "address":"19 Union
 Street,Swansea,West Glamorgan","postcode":"SA1 3EH","telephone":"01792 456400
"},{
"location": "Swansea
 (Superstore)","address":"Unit 3,Pontarddulais Retail Park,Swansea",
    "postcode": "SA5 4BA",
    "telephone":"01792 561560
"},{
"location": "Swindon",
    "address": "28 Havelock Street,Swindon,Wilts",
    "postcode": "SN1 1SD",
    "telephone":"01793 486120
"},{
"location": "Sydenham",
    "address": "101 Sydenham Road,Sydenham,London",
    "postcode": "SE26 5UA",
    "telephone":"0208 6597325
"},{
"location": "Tamworth",
    "address": "24 Market Street,Tamworth,Staffordshire",
    "postcode": "B79 7LR",
    "telephone":"01827 69941
"},{
"location": "Taunton",
    "address": "7 North Street,Taunton,Somerset",
    "postcode": "TA1 1LH",
    "telephone":"01823 257616
"},{
"location": "Teddington",
    "address": "43 Broad Street,Teddington,Middlesex",
    "postcode": "TW11 8QZ",
    "telephone":"0208 9770271
"},{
"location": "Tenby",
    "address": "Brecknock House 4 Tudor Square,Tenby,Dyfed",
    "postcode": "SA70 7AD",
    "telephone":"01834 845451
"},{
"location": "Tenterden",
    "address": "17 High Street,Tenterden,Kent",
    "postcode": "TN30 6BN",
    "telephone":"01580 763348
"},{
"location": "Thame",
    "address": "60 North Street,Thame,Oxfordshire",
    "postcode": "OX9 3BH",
    "telephone":"01844 261531
"},{
"location": "Thirsk",
    "address": "48 Market Place,Thirsk,North Yorkshire",
    "postcode": "YO7 1LH",
    "telephone":"01845 524937
"},{
"location": "Thurso",
    "address": "7 High Street,Thurso,Caithness",
    "postcode": "KW14 8AG",
    "telephone":"01847 894083
"},{
"location": "Tiverton",
    "address": "15 Bampton Street,Tiverton,Devon",
    "postcode": "EX16 6AA",
    "telephone":"01884 242215
"},{
"location": "Totnes",
    "address": "11-13 Fore Street,Totnes,Devon",
    "postcode": "TQ9 5DA",
    "telephone":"01803 867588
"},{
"location": "Troon",
    "address": "57 Portland Street,Troon,Ayrshire",
    "postcode": "KA10 6AA",
    "telephone":"01292 318772
"},{
"location": "Truro",
    "address": "4 River Street,Truro,Cornwall",
    "postcode": "TR1 2SQ",
    "telephone":"01872 273502
"},{
"location":"
 Tunbridge Wells","address":"77 Mount Pleasant,Tunbridge Wells,Kent","postcode":"TN1 1PX","telephone":"01892 530452
"},{
"location": "Twickenham",
    "address": "12 Heath Road,Twickenham,Middlesex",
    "postcode": "TW1 4BZ",
    "telephone":"0208 8927128
"},{
"location": "Uckfield",
    "address": "106 High Street,Uckfield,Sussex",
    "postcode": "TN22 1PX",
    "telephone":"01825 768375
"},{
"location": "Ulverston",
    "address": "4 King Street,Ulverston,Cumbria",
    "postcode": "LA12 7DY",
    "telephone":"01229 585366
"},{
"location": "Upminster",
    "address": "5 Bell Corner,Upminster,Essex",
    "postcode": "RM14 2AT",
    "telephone":"01708 229 833
"},{
"location": "Urmston",
    "address": "16 Station Road,Urmston,Manchester",
    "postcode": "M41 9JN",
    "telephone":"0161 7468568
"},{
"location": "Wallingford",
    "address": "17 Market Place,Wallingford,Oxon",
    "postcode": "OX10 0AD",
    "telephone":"01491 837475
"},{
"location": "Walsall (Superstore)",
    "address": "Unit 10a,Crown Wharf Shopping Park,Wolverhampton St,Walsall",
    "postcode":"WS2
 8LL","telephone":"01922 633137
"},{
"location": "Wantage",
    "address": "6 Wallingford Street,Wantage,Oxon",
    "postcode":"OX12
 8AX","telephone":"01235 762642
"},{
"location": "Warrington",
    "address": "37 Sankey Street,Warrington,Cheshire",
    "postcode":"WA1
 1XG","telephone":"01925 234920
"},{
"location": "Watford",
    "address": "76 High Street,Watford",
    "postcode": "WD17 2BP",
    "telephone":"01923 630685
"},{
"location": "Welling",
    "address": "26c Bellegrove Road,Welling,Kent",
    "postcode": "DA16 3PU",
    "telephone":"020 8303
 5880
"},{
"location": "Wellington",
    "address": "11 New Street,Wellington,Telford,Shropshire",
    "postcode": "TF1 1LU",
    "telephone":"01952 254744
"},{
"location": "Wells",
    "address": "12 High Street,Wells,Somerset",
    "postcode": "BA5 2SG",
    "telephone":"01749
 679554
"},{
"location": "Welwyn Garden City",
    "address": "20 Howardsgate,Welwyn Garden City,Hertfordshire",
    "postcode":"AL8
 6BQ","telephone":"01707 322559
"},{
"location": "West Bridgford",
    "address":"14-18 Central Avenue,West
 Bridgford,Nottingham","postcode":"NG2 5GR","telephone":"0115 9819360
"},{
"location": "West Bromwich",
    "address":"203 High
 Street,West Bromwich,West Midlands","postcode":"B70 7QZ","telephone":"0121 5536691
"},{
"location": "West Ealing",
    "address":"48
 The Broadway,West Ealing,London","postcode":"W13 0SU","telephone":"0208 5790549
"},{
"location": "West Hampstead",
    "address":"234
 West End Lane,West Hampstead,London","postcode":"NW6 1UR","telephone":"020 7431 9648
"},{
"location": "West Kirby",
    "address":"1
 Dee Lane,West Kirby,Wirral,Merseyside","postcode":"CH48 0QA","telephone":"0151 6253126
"},{
"location": "West
 Wickham","address":"70 High Street,West Wickham,Bromley,Kent","postcode":"BR4 0NH","telephone":"0208 7760755
"},{
"location":"
 Wetherby","address":"3A Market Place,Wetherby","postcode":"LS22 6LQ","telephone":"01937582375
"},{
"location": "Weybridge (High
 Street)","address":"58 High Street,Weybridge","postcode":"KT13 8BL",
    "telephone":"01932 846892
"},{
"location":"
 Weymouth","address":"29 St Mary Street,Weymouth","postcode":"DT4 8PN","telephone":"01305 780635
"},{
"location":"
 Whitby","address":"70 Baxtergate,Whitby,North Yorkshire","postcode":"YO21 1BL","telephone":"01947 820189
"},{
"location":"
 Whitchurch","address":"2 High Street,Whitchurch,Shropshire","postcode":"SY13 1AR","telephone":"01948 664985
"},{
"location":"
 Whitstable","address":"32 High Street,Whitstable,Kent","postcode":"CT5 1BQ","telephone":"01227 770054
"},{
"location":"
 Whitton","address":"93 High Street,Whitton,Twickenham,Middlesex","postcode":"TW2 7LD","telephone":"0208 7554288
"},{
"location": "Wick",
    "address": "36 Bridge Street,Wick,Caithness",
    "postcode": "KW1 4NG",
    "telephone":"01955 605010
"},{
"location":"
 Widnes","address":"69-71 Widnes Road,Widnes,Cheshire","postcode":"WA8 6LZ","telephone":"0151 4234429
"},{
"location":"
 Wigston","address":"6 Bell Street,Wigston,Leicestershire","postcode":"LE18 1AD","telephone":"0116 2813395
"},{
"location":"
 Wilford","address":"Unit 4,Compton Acres,Wilford,Nottingham",
    "postcode": "NG2 7RS",
    "telephone":"0115 9455078
"},{
"location":"
 Willenhall","address":"4 Stafford Street,Willenhall,West Midlands","postcode":"WV13 1TQ","telephone":"01902 607663
"},{
"location": "Wilmslow (Hawthorne Lane)",
    "address": "2c Hawthorn Lane,Wilmslow,Cheshire",
    "postcode": "SK9 1AA",
    "telephone":"01625
 527488
"},{
"location": "Wilmslow (Water Lane)",
    "address": "21 Water Lane,Wilmslow,Cheshire",
    "postcode": "SK9 5AE",
    "telephone":"01625 533184
"},{
"location": "Wimbledon",
    "address": "58 The Broadway,Wimbledon,London",
    "postcode": "SW19 1RQ",
    "telephone":"0208
 5438137
"},{
"location": "Wimbledon Village",
    "address": "83 High Street,Wimbledon Village,Wimbledon,London",
    "postcode":"SW19
 5EG","telephone":"020 8946 8977
"},{
"location": "Winchester (75 Parchment St)",
    "postcode": "75 Parchment
 Street,Winchester,Hants","postcode":"SO23 8AJ","telephone":"01962 842590
"},{
"location": "Windsor",
    "address":"81 Peascod
 Street,Windsor,Berks","postcode":"SL4 1DH","telephone":"01753 858015
"},{
"location": "Wisbech (Superstore)",
    "address":"Unit
 3B,Cromwell Retail Park,Wisbech","postcode":"PE14 0SW","telephone":"01945 461501
"},{
"location": "Wishaw",
    "address":"32 Main
 Street,Wishaw,Motherwell","postcode":"ML2 7AF","telephone":"01698 352439
"},{
"location": "Withington",
    "address":"474 Wilmslow
 Road,Withington,Manchester","postcode":"M20 3BG","telephone":"0161 445 9085
"},{
"location": "Wokingham",
    "address":"4 Market
 Place,Wokingham,Berks","postcode":"RG40 1AL","telephone":"0118 9774912
"},{
"location": "Wolverhampton",
    "address":"9 Queen
 Street,Wolverhampton,West Midlands","postcode":"WV1 3JX","telephone":"01902 714094
"},{
"location": "Wood Green",
    "address": "7 High Road,Wood Green,London",
    "postcode": "N22 6BH",
    "telephone":"0208 3657876
"},{
"location": "Woodbridge",
    "address": "4a The Thoroughfare,Woodbridge,Suffolk",
    "postcode": "IP12 1AG",
    "telephone":"01394 382909
"},{
"location": "Worcester",
    "address":"27a The
 Cross,Worcester,Hereford &amp; Worcester","postcode":"WR1 3PZ","telephone":"01905 611095
"},{
"location":"
 Workington","address":"Unit 4,Ritz Shopping Centre,Murray Road",
    "postcode": "CA14 2AG",
    "telephone":"01900 603581
"},{
"location": "Worksop",
    "address": "5A Newcastle Avenue,Worksop,Nottinghamshire",
    "postcode": "S80 1EY",
    "telephone":"01909 473234
"},{
"location": "Yate",
    "address": "Unit 27 33 South Walk,Yate",
    "postcode": "BS37 4AU",
    "telephone":"01454 323097
"},{
"location": "Yeovil",
    "address": "32 Middle Street,Yeovil",
    "postcode": "BA20 1LY",
    "telephone":"01935 700477
"},{
"location": "York",
    "address": "50 Coney Street,York",
    "postcode": "YO1 9ND",
    "telephone":"01904 629
}